{"cameraMode":{"drawMode":0,"name":"Shaded","section":"Shading Mode"},"sceneLighting":true,"audioPlay":false,"sceneViewState":{"m_AlwaysRefresh":false,"showFog":true,"showSkybox":true,"showFlares":true,"showImageEffects":true,"showParticleSystems":true,"showVisualEffectGraphs":true,"m_FxEnabled":true},"in2DMode":false,"pivot":{"x":-98.7679443359375,"y":2.9174532890319826,"z":-0.16898345947265626},"rotation":{"x":0.5765818357467651,"y":0.00022628242732025683,"z":-0.0002244214410893619,"w":0.8172788619995117},"size":7.173992156982422,"orthographic":true}