{"cameraMode":{"drawMode":0,"name":"Shaded","section":"Shading Mode"},"sceneLighting":true,"audioPlay":false,"sceneViewState":{"m_AlwaysRefresh":false,"showFog":true,"showSkybox":true,"showFlares":true,"showImageEffects":true,"showParticleSystems":true,"showVisualEffectGraphs":true,"m_FxEnabled":true},"in2DMode":false,"pivot":{"x":-97.6749038696289,"y":-1.4510369300842286,"z":1.7918883562088013},"rotation":{"x":0.671393871307373,"y":-0.0021053189411759378,"z":0.0016743121668696404,"w":0.7413804531097412},"size":4.900123119354248,"orthographic":true}