{"cameraMode":{"drawMode":0,"name":"Shaded","section":"Shading Mode"},"sceneLighting":true,"audioPlay":false,"sceneViewState":{"m_AlwaysRefresh":false,"showFog":true,"showSkybox":true,"showFlares":true,"showImageEffects":true,"showParticleSystems":true,"showVisualEffectGraphs":true,"m_FxEnabled":true},"in2DMode":false,"pivot":{"x":-98.28250122070313,"y":0.4246237277984619,"z":5.474596977233887},"rotation":{"x":0.6256864666938782,"y":0.009495610371232033,"z":-0.00784997083246708,"w":0.7802566885948181},"size":3.7606658935546877,"orthographic":true}