{"cameraMode":{"drawMode":0,"name":"Shaded","section":"Shading Mode"},"sceneLighting":false,"audioPlay":false,"sceneViewState":{"m_AlwaysRefresh":false,"showFog":true,"showSkybox":false,"showFlares":true,"showImageEffects":true,"showParticleSystems":true,"showVisualEffectGraphs":true,"m_FxEnabled":true},"in2DMode":false,"pivot":{"x":0.49999988079071047,"y":0.6000000834465027,"z":5.960464477539063e-8},"rotation":{"x":-0.6511412858963013,"y":-0.006291026249527931,"z":0.005565658211708069,"w":-0.7592465281486511},"size":2.834995985031128,"orthographic":false}