{"cameraMode":{"drawMode":0,"name":"Shaded","section":"Shading Mode"},"sceneLighting":true,"audioPlay":false,"sceneViewState":{"m_AlwaysRefresh":false,"showFog":true,"showSkybox":true,"showFlares":true,"showImageEffects":true,"showParticleSystems":true,"showVisualEffectGraphs":true,"m_FxEnabled":true},"in2DMode":false,"pivot":{"x":-88.84889221191406,"y":4.044036388397217,"z":-9.337827682495118},"rotation":{"x":0.09702806919813156,"y":-0.4708276391029358,"z":0.052190572023391727,"w":0.8753191828727722},"size":12.172296524047852,"orthographic":true}